HS	CS	Style-Transferred-CS	HS-Target	Discourse-Relation
There is literally nothing in modern society that inherently disadvantages women.  You are relentlessly pandered to nearly at all times and still hate the damn world.	Saying that as a man means nothing. If you donâ€™t think women have modern day struggles itâ€™s because you are willingly obvious to them.	Saying that as a man means nothing. If you donâ€™t think women have modern day struggles itâ€™s because you are willingly obvious to them.	WOMEN	Comment
There's a difference between ILLEGAL immigration and legal immigration. How many Americans do you think are racist and against legal immigration?	Based on the amount of racism towards native Americans and black people, I'm gonna say a whole fuckin lot?	Based on the amount of racism towards native Americans and black people, I'm gonna say a whole lot?	MIGRANTS	Comment
who is saying any of that? that sounds more like a parody of feminism/90s PC stuff.	your lack of self-awareness is endearing.	your lack of self-awareness is endearing.	WOMEN	Comment
My kid ainâ€™t smart enough to be an engineer.  Heâ€™s got ADHD and dyslexia. Heâ€™s setting himself up to fail.	Whatâ€™d your kid do to make you hate him so much?  WAIT, does he bear resemblance to your sister??	Whatâ€™d your kid do to make you hate him so much?  WAIT, does he bear resemblance to your sister??	DISABLED	Clarification_Q
The feminists are saying its not a double standard because these sex toys are modeled to be/look like women. The equivalent to dildos would be flesh lights, not life sized replicas of women.	So whatâ€™s the issue with that?	So whatâ€™s the issue with that?	WOMEN	Clarification_Q
Black women	How is that an aspect of culture?	How is that an aspect of culture?	POC	Q-Elab
As long as it remains a fantasy and any actions taken are provably consensual; mind your own business. You don't get to define what is and isn't acceptable outside of yourself. Way to be the MRA version of a toxic feminist supremacist.	You say "any actions taken are probably consensual"  So as per your logic, if a woman allows a man to cut her breasts off, that should be okay because it was consensual? Please don't tell me you are that full of shit	You say "any actions taken are probably consensual"  So as per your logic, if a woman allows a man to cut her breasts off, that should be okay because it was consensual? Please don't tell me you believe that	WOMEN	Parallel
These are perfect examples as to why feminism and feminists need frontal lobotomies. They aren't using their brains anyways, clearly.  They won't miss what they clearly don't use.	Most feminists aren't like that. These are TRRFs (Trans Exclusionary Radical Feminists). Even mainstream feminists consider them extremists.	Most feminists aren't like that. These are TRRFs (Trans Exclusionary Radical Feminists). Even mainstream feminists consider them extremists.	WOMEN	Correction
Yes, I'm guessing you think the Bible says homosexuality isn't a sin.	The Bible says a lot of things.	The Bible says a lot of things.	LGBT+	Correction
Why should any elective surgery or any cutting and removing of body pieces happen to a baby when there is no significant (or any) benefit to it?	There are benefits. You just don't think it's worth it while others do, and that's ok.	There are benefits. You just don't think it's worth it while others do, and that's ok.	OTHER	Explanation
Women have no accountability	Generalization	Generalization	WOMEN	Comment
Why are we enabling this trans delusion?	Do tell us, if it is a 'delusion,' how should it be treated?	Do tell us, if it is a 'delusion,' how should it be treated?	LGBT+	Clarification_Q
To be fair, women don't start a lot of wars. Who cares about "media" as well. Fuck the media.	To be fair 99% of men don't start wars	To be fair 99% of men don't start wars	OTHER	Parallel
Triggered much from a reddit comment? Poor little misandristic women-worshipper :(	I just restated what you agreed with.   Sorry it makes you so angry to have someone explain to you that you and your entire approach is useless.	I just restated what you agreed with.   Sorry it makes you so angry to have someone explain to you that you and your entire approach is pointless.	WOMEN	Comment
That doesn't mean the government should start pushing trans stuff on kids...	Which government is doing what?	Which government is doing what?	LGBT+	Q-Elab
Women are mentally children.	This comment is unacceptable, please delete it	This comment is unacceptable, please delete it	WOMEN	Comment
Stupid logic, if a woman gets fat she isnâ€™t weight lifting	What's a woman getting fat got to do with any of this?	What's a woman getting fat got to do with any of this?	WOMEN	Q-Elab
Hardly a straw man, I think the argument speaks for itself. And yeah Iâ€™m sure there are *soo* many ethnically Jewish Christians on the sub, Iâ€™ll bet you see this kind of thing all the time. /s	Your argument is at most that it's hypocritical.  And having spent over a decade here, you might be surprised at the people that have come through.	Your argument is at most that it's hypocritical.  And having spent over a decade here, you might be surprised at the people that have come through.	JEWS	Correction
Point is I know disabled people. I never said people with disabled parking tags aren't disabled. I said if they're I'm a lifted truck they aren't disabled enough to need to park closer.	You â€œknow disabled peopleâ€? There are thousands of disabilities.	You â€œknow disabled peopleâ€? There are thousands of disabilities.	DISABLED	Q-Elab
Itâ€™s actually hilarious how feminists preaches about how they are â€œjust as capable as menâ€, but as soon as a war breaks out they stay quiet.	Feminist groups in my country are fighting with teeth and nails to either abolish the draft or make it gender neutral. You are making up hypocrisy to be outraged by.	Feminist groups in my country are fighting with teeth and nails to either abolish the draft or make it gender neutral. You are making up hypocrisy to be outraged by.	WOMEN	Comment
Im saying people who think the refferal to jews is only linked to religous beliefs, are stupid.	And thatâ€™s stupid. The religious beliefs are intrinsically linked to the ethnicity and even â€œnon-practicingâ€ Jews observe tons of Jewish religious customs.	And thatâ€™s not right. The religious beliefs are intrinsically linked to the ethnicity and even â€œnon-practicingâ€ Jews observe tons of Jewish religious customs.	JEWS	Correction
I believe the world you're looking for is egalitarianism. Such a shame to see that you've been brainwashed by feminist propaganda	Iâ€™m not brainwashed. I support equal rights for men and women. Thus, I am a feminist. Youâ€™re doing some mental gymnastics here.	It's not brainwashing. It's equal rights for men and women. That's feminism. Youâ€™re doing some mental gymnastics here.	WOMEN	Correction
I hate menâ€¦ Literal misandrist	I see. Could you tell us why?	I see. Could you tell us why?	OTHER	Q-Elab
Promote femininity for you and your sisters: Wear feminine clothes, act femininely and submissive. Use the phrase "I have to ask my Husband first".	that isn't supporting men's rights. men's rights is about their right to mental health and wellbeing. women dressing masculine violates nothing about that. women are humans of their own that don't need permission from a man to do their shit.	that isn't supporting men's rights. men's rights is about their right to mental health and wellbeing. women dressing masculine violates nothing about that. women are humans of their own that don't need permission from a man to do their things.	WOMEN	Correction
So we are back to how you want to ignore the male victims and instead just bitch about females.  Cool.   Glad we cleared up how little about men your supposed ideal care.	You hate to hear it, but we support male victims and stand against female privilege. Cry, whine and bark about it. Fuck female privilegesðŸ¦‹	You hate to hear it, but we support male victims and stand against female privilege. You can complain about it. We don't support female privilegesðŸ¦‹	WOMEN	Contrast
Regardless of religious beliefs or not "Trans" isn't a real thing. It's a made up feeling. You're really only straight, gay, or bi.  Had a bi friend that insisted he was a gay guy that liked girls.	Being transgender has nothing to do with oneâ€™s sexual orientation. ï¿¼ Itâ€™s about a personâ€™s gender identity.	Being transgender has nothing to do with oneâ€™s sexual orientation. ï¿¼ Itâ€™s about a personâ€™s gender identity.	LGBT+	Correction
Most gendered violence is inflicted on women.   And black people are disproportionately hurt by the justice system.   Those are facts whether you like them or not.	Black people are more likely to commit crime.   That's like saying "X" race of people are killed most by trains, and that means trains are racist. Well, if "X" race stands in front of trains way more than anyone else.....that's gonna happen. ðŸ¤·ðŸ»â€â™‚ï¸	Black people are more likely to commit crime.   That's like saying "X" race of people are killed most by trains, and that means trains are racist. Well, if "X" race stands in front of trains way more than anyone else.....that's gonna happen. ðŸ¤·ðŸ»â€â™‚ï¸	POC	Elaboration
It's plain and simple misogyny. They're showing us in action that they think women are sub-human.  They don't apply the same standard to themselves. It's like they've never seen a dick or a man in the nude. They're hairy and ugly AF.	You literally just did the same thing and think itâ€™s ok ðŸ˜‚	You literally just did the same thing and think itâ€™s ok ðŸ˜‚	OTHER	Comment
There is no â€œfeministâ€ society, there is only a fair society.   In a fair society, women will be held accountable to the same degree as men and vice versa. Its not a hard concept that needs to be explained.	Do you believe men are held accountable or not?	Do you believe men are held accountable or not?	OTHER	Q-Elab
the Gospel hasn't changed since the days of Enoch.   Enoch, all the prophets, YAHshua, and the Apostles all preached the same Gospel:   YAHweh has blinded the christians to the Gospel of the COMING KINGDOM OF YAHWEH.	I think we may have a disconnect at this point. Tell me, what is the message of the Gospel? This would help us better understand where each other is coming from	I think we may have a disconnect at this point. Tell me, what is the message of the Gospel? This would help us better understand where each other is coming from	OTHER	Q-Elab
Yeah feminist comedians shouldn't make fun of men	This I disagree with as you should be able to make jokes on anything and anyone. Of course it actually has to be funny or it sounds like a stupid rant as shown above	This I disagree with as you should be able to make jokes on anything and anyone. Of course it actually has to be funny or it sounds like a nonsensical rant as shown above	WOMEN	Contrast
There should be a licence that people need to get in order to breed. All these mentally unstable dumb fucks are breeding like rabbits.	It would be biased too lol.	It would be biased too.	DISABLED	Comment
The pure hate for M2F people from these female chauvinists matches the hate for the Jews shown by the Nazis.	Holy hyperbole, batman.   calm down	Holy hyperbole. please calm down	WOMEN	Comment
Really cause youâ€™re trauma making you hate an entire gender isnt â€œtraumaâ€ itâ€™s toxicity and an excuse to hate men	and you know this how? being scared or not trusting of men isn't an abnormal respose to a traumatic experience. Sounds like you're the one making excuses to try blame these victims.	and you know this how? being scared or not trusting of men isn't an abnormal respose to a traumatic experience. Sounds like you're the one making excuses to try blame these victims.	WOMEN	Elaboration
Lol it's proven haram by rhe hadith that says do not copy thr mushrikeen	But that's such a broad statement. Any specific hadiths that prohibit the celebration of birthdays/non-religious celebrations?	But that's such a broad statement. Any specific hadiths that prohibit the celebration of birthdays/non-religious celebrations?	MUSLIMS	Q-Elab
Sex workers banfucking scrum and should be treated as suck.  Source~ was raped by one when I was 14	The number of rapes in any country go down considerably when prostitution is legal.  Not saying your words are not valid but prostitution reduces rape on the average.	The number of rapes in any country go down considerably when prostitution is legal.  Not saying your words are not valid but prostitution reduces rape on the average.	OTHER	Elaboration
This plays well in Florida. Democrats have hitched their wagons to a moronic transgender issue , which isnâ€™t even an issue. 5-8 year olds should not have sex education as part of their curriculum.	woof, more of this nonsense?	more of this nonsense?	LGBT+	Comment
They want all the privileges and none of the responsibility	That's not exclusive to feminist women.	That's not exclusive to feminist women.	WOMEN	Correction
Atheism is the real faith. Really to be an atheist you have to believe in all improbable premises.	Most atheists are just agnostic-atheists meaning they choose to not believe in any God due to lack of evidence. I would be open to believing in God if the evidence were to present itself.	Most atheists are just agnostic-atheists meaning they choose to not believe in any God due to lack of evidence. They could be open to believing in God if the evidence were to present itself.	OTHER	Explanation
Hahahahahahaha. Yes, you are petty and emotional fragile. Thatâ€™s why this sub exists.	Isn't calling someone, who you don't know very fragile too?	Isn't calling someone, who you don't know very fragile too?	WOMEN	Q-Elab
Feminists should try pushing for equalizing responsibilities once in awhile.	Itâ€™s like thatâ€™sâ€¦ the whole point of feminism	Itâ€™s like thatâ€™sâ€¦ the whole point of feminism	WOMEN	Correction
she has a therapist but honestly i think at this point therapy is like an echo chamber for her	Are you in the sessions? Are you a professional therapist? No. Seems like you just donâ€™t agree with what the therapist is saying and youâ€™re clutching at straws.	Are you in the sessions? Are you a professional therapist? No. Seems like you just donâ€™t agree with what the therapist is saying and youâ€™re clutching at straws.	DISABLED	Clarification_Q
Well thereâ€™s gotta be a reason itâ€™s a wayyy more established thing right? There hasnâ€™t been anybody stopping women doing the same, and yet there are only 28k results for wgtow.	bc it's not established as a group it means women dont do it? How do you know all women who want to be single identify with that specific group? And is the only proof of a negative relationship experience that you give up on dating?	because it's not established as a group it means women dont do it? How do you know all women who want to be single identify with that specific group? And is the only proof of a negative relationship experience that you give up on dating?	WOMEN	Q-Elab
â€œStereotypesâ€ are based off truth. I didnâ€™t say black people, just black girls. Facts canâ€™t be racist	If stereotypes are based in truth then we can safely say that, white people are racist. It's a fact and facts cant be racist ðŸ¤·ðŸ½â€â™‚ï¸	If stereotypes are based in truth then we can safely say that, white people are racist. It's a fact and facts cant be racist ðŸ¤·ðŸ½â€â™‚ï¸	POC	Comment
Because society only enforces it on men, while giving a free-run to women.	Men don't see the pressures women are under. As I imagine women don't see men's. You cannot blanket say that no women are affected.	Men don't see the pressures women are under. As I imagine women don't see men's. You cannot blanket say that no women are affected.	WOMEN	Parallel
So you support women overstepping/violating menâ€™s rights?	No cause I support equality with an emphasize on women which doesnâ€™t mean I donâ€™t support men. Iâ€™m a feminist because Iâ€™m not not a feminist. By definition if you arenâ€™t a feminist then you donâ€™t support men because you donâ€™t support equality	No cause supporting equality with an emphasize on women doesnâ€™t mean not supporting men. By definition if you arenâ€™t a feminist then you donâ€™t support men because you donâ€™t support equality	WOMEN	Elaboration
This users post claims that some appear to have mental illness, to which you responded â€œThey should be shamed.â€ So as OP is stating, even if a â€œKarenâ€ is acting out publicly because she is mentally ill, you believe she should be shamed?	I mean, there really is no evidence that these people are mentally ill. This is just armchair reddit psychology at its best	I mean, there really is no evidence that these people are mentally ill. This is just armchair reddit psychology at its best	DISABLED	Comment
Why would I entertain a misandristic oinky? And thanks for the last part of your comment! I'm completely feminine and super glad it showsâ¤ Poor desperate way of being sexist against men tho	I have no idea why you accuse me of being misandrist or why you entertain me, but you sure do. And donâ€™t we all have some feminine side?	I have no idea why you are accusing of misandry or why you entertain this, but you sure do. And donâ€™t we all have some feminine side?	WOMEN	Comment
Dudeâ€¦ heâ€™s a Nazi. This isnâ€™t wrongthink.. HES A FUCKING NAZI. His opinion is shit	Yet you can't prove this statement wrong, lol	Yet you can't prove this statement wrong	OTHER	Comment
This dad sounds sexist, not necessarily misogynistic. Misogyny isn't just prejudice, it's actual hatred or contempt for women. If he thinks women can't shoot guns, that is sexist. If he thinks women are spiteful and evil, that is misogyny.	Misogyny is a form of sexism.	Misogyny is a form of sexism.	WOMEN	Comment
The same reason there were negro leagues. So people can participate in a sport with fair(er) representation	Dudeâ€¦ the Negro leagues existed because black players were prohibited from playing in the major leagues.	the Negro leagues existed because black players were prohibited from playing in the major leagues.	POC	Correction
Does Islam recognize White Magic?	Not funny nor is there any reason to say this	Not funny nor is there any reason to say this	MUSLIMS	Comment
awhhhhh somebody is hurt! eat shit colonial Zionist! Palestine will be free from ur filthy settler grip!	Ok calm down its just the internet brother	Ok calm down its just the internet	JEWS	Comment
[It came out that she constantly bashes black men and these tears are for the white guys who didn't choose her](https://twitter.com/Tosci_Marie/status/1490436031950299138?t=xkUPdTYc756WsVSQgmeBqg&amp;s=19)	You bash black women so why do you care that she doesnâ€™t like black men?	You bash black women so why do you care that she doesnâ€™t like black men?	POC	Q-Elab
Isn't it fucked up that men literally don't know what a woman's body looks like if she doesn't remove hair? I showed my family my armpit hair and they were flabbergasted. It's so infuriating	I don't like armpit hair on my own(male) body. I don't like it for looks and for hygiene (tend to sweat less when it's short). I think everyone(all genders) should shave it for hygienic purposes, but  your body is nobody's business	Many don't like armpit hair on their own(male) body. Many don't like it for looks and for hygiene (tend to sweat less when it's short). I think everyone(all genders) should shave it for hygienic purposes, but  your body is nobody's business	OTHER	Explanation
Yeah that's perfectly normal behavior for a feminist I know as we all do, stuff it up your butt, have fun at the kitty cat hotel ya loony feminazi ðŸ¤¡ðŸ˜œðŸ¤¡ðŸ˜œðŸ¤¡ðŸ˜œ	God you men are so emotional, try using logic instead of your feelings when discussing important topics	You can be so emotional, try using logic instead of your feelings when discussing important topics	WOMEN	Comment
Obscenely rare if you have a functioning brain, and do what your doctor says, but yes, if you're dumb or very very very very unlucky.	Complications of childbirth arenâ€™t as rare as you seem to think, I did everything directed by the doctor, took Lamaze course, still had 4th degree tearing. ( still having complications from that at 59 years old, it didnâ€™t heal right.)	Complications of childbirth arenâ€™t as rare as you seem to think, You can do everything directed by the doctor, takek Lamaze course, still have 4th degree tearing. 	DISABLED	Explanation
Unless you have children, you donâ€™t get an opinion on this. And someone with children shared this opinion, they donâ€™t deserve their children. I would VIOLENTLY unalive my husband to save my children.	The violently unalive part is waaay excessive.	The violently unalive part is way excessive.	OTHER	Comment
In a post with a contemporary example of male disposability, you're saying male disposability does not exist?	You are confusing male hostility with disposability. society can't function without a strong population of men. So we aren't disposable. Society willing to lose valuable citizens due to their sex is male hostility. This is how you frame it accurately	You are confusing male hostility with disposability. society can't function without a strong population of men. So they aren't disposable. Society willing to lose valuable citizens due to their sex is male hostility. This is how you frame it accurately	OTHER	Explanation
found the retard guys	blah blah insult insult, no argument	lot of insult, no argument	DISABLED	Comment
Youâ€™re not and understanding person.. at all. It shows. Therapy might help??	Oh, shut up man. You're not helping anything or not pursuing any kind of normal discussion. You're trying to raise hate. Stop that.	Oh, please stop. You're not helping anything or not pursuing any kind of normal discussion. You're trying to raise hate. Stop that.	DISABLED	Comment
Immigrants: letâ€™s exploit the white mans kindness and guilt them into letting us live in their country where they will give us free stuff.  Also immigrants: the Democrats say white people are evil and I now hate this country!	To be fair, this is white men inviting immigrants to use as political weapon against the EU	To be fair, this is white men inviting immigrants to use as political weapon against the EU	MIGRANTS	Elaboration
Then feminism justify their nonsense by saying :"Yeah but vagina mutilation hurts more.."   Like if you could compare such pain...	It is worse.  So what? Its still bad. Something being worse does not make it OK. Genocide is worse than both.	It is worse.  So what? Its still bad. Something being worse does not make it OK. Genocide is worse than both.	WOMEN	Comment
yes. I would advocate for my boys doing the same if the women put up the same hard work. Its not sexist.   Its based on a matter of merit	So women don't work hard and have no merits? And this is not sexists?	So women don't work hard and have no merits? And this is not sexists?	WOMEN	Q-Elab
Freedom of assembly is the right to hold public meetings or gatherings without the government interfering. Slavery wouldn't violate that right	It absolutely would. If your literal owner doesn't want you going to that meeting, are you still allowed to go? No. Violation of your right.	It absolutely would. If your literal owner doesn't want you going to that meeting, are you still allowed to go? No. Violation of your right.	POC	Correction
18 fucking years.   But let's provide amnesty to folks who slap this guy in the face by cutting the line and claiming "asylum".	People push for illegal immigration in the name of asylum, when in reality *actual* asylum cases are few and far between.	People push for illegal immigration in the name of asylum, when in reality *actual* asylum cases are few and far between.	WOMEN	Acknowledgment
And if you're going to throw the net that wide, that includes such a massive number of things that are associated with serious illness that it would be laughable.	Laughable to bring health to a patient?	Laughable to bring health to a patient?	DISABLED	Q-Elab
correct, everything you said is correct  but not just that, we like or not we are hated by kuffars, specially christians and jews, allah mentioned it almost 1500 years ago,!and we are still witnessing it now,	Aaaaand you seriously don't see how the hate goes the other way aswell?	And you seriously don't see how the hate goes the other way as well?	JEWS	Q-Elab
The prophet could not write. By your own logic, you should reject the Quran.	The Quran is completely different than Hadithâ€™s.	The Quran is completely different than Hadithâ€™s.	MUSLIMS	Correction
Trans women certainly are not women .  It's simple biology.	Biological yes you are correct mentally no	Biological yes you are correct mentally no	LGBT+	Correction
its relevant to the fact women are not subject to the same scrutiny and punishment for the same crimes. if this was a man, the judge wouldve never said something like this	> its relevant to the fact women are not subject to the same scrutiny and punishment for the same crimes.  The fact that she may be a first time mother is irrelevant to the crime she committed. It has nothing to do with the trial for said crime.	> its relevant to the fact women are not subject to the same scrutiny and punishment for the same crimes.  The fact that she may be a first time mother is irrelevant to the crime she committed. It has nothing to do with the trial for said crime.	WOMEN	Correction
Uh, actually the US is more of a prisoner island, since you literally lock up more people per-capita than any other country by a mile.	We have a lot of people who choose to commit crime.	We have a lot of people who choose to commit crime.	OTHER	Explanation
No. School is for teaching my child how to read, write, do math, lessons about history, geography, etc. Its not for my 5 year old to learn about sexuality. Thatâ€™s my job to decide if and when thatâ€™s appropriate.	No. You are wrong I'm afraid. You don't have to like it, but that's just tough. Gay people exist in society, acknowledging that simple fact isn't teaching your kids about sexuality any more than acknowledging that straight people exist.	No. You are wrong I'm afraid. You don't have to like it, but that's just tough. Gay people exist in society, acknowledging that simple fact isn't teaching your kids about sexuality any more than acknowledging that straight people exist.	LGBT+	Explanation
The majority of Ukraine are kuffar. Can you state a daleel or fatwa where weâ€™re allowed to pray to Allah for resting the souls of the kuffar?	Bro innocent people are innocent people, they are mostly christian and they're not "Kuffar", they're people of the book.	innocent people are innocent people, they are mostly christian and they're not "Kuffar", they're people of the book.	OTHER	Correction
I think that its not internalized misandry. But I also think that a lot of times it isn't internalized misogyny either whenever feminists claim it is.   A lot of it is instinctual I think.	Xenophobia is instinctual too, but it is still xenophobia and it isn't tolerated	Xenophobia is instinctual too, but it is still xenophobia and it isn't tolerated	WOMEN	Parallel
â€œI would give public schools the opportunity to teach kids about the equality of different forms of relationshipsâ€. Weâ€™re talking about public schools now. How do public schools outwardly teach about heterosexuality?	I dont know if they do. But the fact that there are many schools that can teach heterosexual supremacy but no schools that can teach homosexual equality is where the discrimination lies in society. And why don't say  gay perpetuates discrimination	I dont know if they do. But the fact that there are many schools that can teach heterosexual supremacy but no schools that can teach homosexual equality is where the discrimination lies in society. And why don't say  gay perpetuates discrimination	LGBT+	Elaboration
Hollywood are full of cucks thatâ€™s why, and also because heâ€™s black, they know theyâ€™ll be a public outrage if cops came in and dragged it out because everyone thinks black people can do no wrong	Man youâ€™re so negative	youâ€™re so negative	POC	Comment
No, the situations are nothing alike.  The State of Israel didn't exist 100 years ago, but Palestine has always been Jewish land.	The Kingdom of Israel was a thing you know..   This whole "Israel didn't exist until" thing is taken from a worldview which ignores the vast majority of world history.	The Kingdom of Israel was a thing you know..   This whole "Israel didn't exist until" thing is taken from a worldview which ignores the vast majority of world history.	JEWS	Correction
London already sounds like feminist Robespierre.  "Citizen, you are accused of looking at a woman!"  I wonder when the reign of terror will end.	Lol, this comment is so ignorant.   If you were around for the horrors of the reign of terror, you would not make that comparison so lightly.   How many people have been killed by feminists in Britain? Exactly.	this comment is so ignorant.   If you were around for the horrors of the reign of terror, you would not make that comparison so lightly.   How many people have been killed by feminists in Britain? Exactly.	WOMEN	Q-Elab
Again, nobody goes to a club solely for dancing, when I see an asexual that goes to a club, I'll ask them for you, okay?	AGAIN, you donâ€™t know everyoneâ€¦  You make this claim, it is not remotely based in reality.   You said they only go for sexual/romantic attention. Drugs, dancing, and hanging with friends are all great reasons to go to a club.   Stop posting bullshit	you donâ€™t know everyoneâ€¦  You make this claim, it is not remotely based in reality.   You said they only go for sexual/romantic attention. Drugs, dancing, and hanging with friends are all great reasons to go to a club.   Stop posting untrue stuff	LGBT+	Comment
Erm. First of all, most of the sad saps here probably have no idea what empathy or sympathy is.  Secondly, lumping all feminists as those annoying or insane SJWs kinda shows your own shitty incel-ness?	Do you realize you make yourself look dumb?	Do you realize you don't make yourself look smart?	OTHER	Q-Elab
Why would women want to be like the one on the right though? Like who in their right mind want to be a financially dependent SAHM?   I'm an anti feminist woman and I don't really resonate with or want to be either. Both these stereotypes suck imo.	Because women in general are happier and more fulfilled when they perform home duties and raise a family with a loving husband who cares for and provides for them.	Because women can be happy and fulfilled when they perform home duties and raise a family with a loving husband who cares for and provides for them.	WOMEN	Explanation
Oh you didn't get the message? No one gives a shxt about exposing kids to sexual imagery anymore. Apparently none of us are meant to care because we're all so free and liberal these days.	Do you use the word liberal to insult everything you dislike? Genuinely	Do you use the word liberal to insult everything you dislike? Genuinely	LGBT+	Q-Elab
Biology 101.  i got nothing against trans people but ignoring the biological facts of the matter is regressive.  there are biological difference between male and female and we cannot change because of how we are feeling.	You will NEVER meet a trans person who claims to be biologically their gender, NEVER, it doesnâ€™t happen	You will never meet a trans person who claims to be biologically their gender, never, it doesnâ€™t happen	LGBT+	Comment
My kid ainâ€™t smart enough to be an engineer.  Heâ€™s got ADHD and dyslexia. Heâ€™s setting himself up to fail.	ADHD and dyslexia have nothing to do with intelligence. They may present additional challenges, but they don't mean your kid isn't smart. You clearly have a lot of resentment for your child that "back luck" bestowed upon you when you were 16.	ADHD and dyslexia have nothing to do with intelligence. They may present additional challenges, but they don't mean your kid isn't smart. You clearly have a lot of resentment for your child that "back luck" bestowed upon you when you were 16.	DISABLED	Correction
If men got crippling cramps every month, they would never shut up about it	I know men who have crippling cramps every day from terminal illness and honestly they sometimes avoid doing the exercises that would make them not as bad.  In other words, shut the fuck up.	I know men who have crippling cramps every day from terminal illness and honestly they sometimes avoid doing the exercises that would make them not as bad.  In other words, shut the fuck up.	OTHER	Parallel
You don't get to make that decision for adults. If they want to smoke and die then that's their choice. If they want to eat and balloon up to 600lbs abd sure from a heart attack at 40 then that's their choice too.   Stop with your bullshit.	Bullshit? What bullshit? I mean, it'd be nicer if people couldn't hurt themselves so easily, no?	It's not BS. I mean, it'd be nicer if people couldn't hurt themselves so easily, no?	DISABLED	Q-Elab
That people are born trans.	How people are born has nothing to do with the conversation because gender is a social trait, not a biological one.	How people are born has nothing to do with the conversation because gender is a social trait, not a biological one.	LGBT+	Correction
The numbers are absolutely relevant. Could Shang Chi be a black guy? There are black people in China after all.	Yes he could because you can be black and be Chinese.  You are you trying to argue people who have been born and raised in China for generations aren't Chinese because of their skin color?	Yes he could because you can be black and be Chinese.  You are you trying to argue people who have been born and raised in China for generations aren't Chinese because of their skin color?	POC	Clarification_Q
If your period is so bad you can't go to work you have a serious medical illness. Go on disability then.	If your period is so bad you canâ€™t go to work thatâ€™s a normal fucking period.	If your period is so bad you canâ€™t go to work thatâ€™s a normal period.	DISABLED	Comment
Wow, arent you muslims supposed to be nicer?	No, we say the truth. You don't like the truth walk away. How old are you kid? Because your logic is childish if I'm being honest.	No, we say the truth. You don't like the truth walk away. How old are you? Because your logic is childish if I'm being honest.	MUSLIMS	Correction
Daydreaming is a sign of mental illness, you are clearly mentally ill, get some help... No wait, I have a better solution, kys	Why would I kill my self when I can sit here and annoy little boys like you. Itâ€™s much more fun	Why would anyone kill themselves when they can counter you. Itâ€™s much more fun	DISABLED	Q-Elab
While the Bible basically doesnâ€™t even touch on the topic of trans people, based on his commands to treat gay people, Iâ€™m not sure heâ€™d approve of trans people either.	You're really never going to give up your "James Dobson is right, Jerry Falwell is right, down with LGBT Christians" crusade, are you?	You're really never going to give up your "James Dobson is right, Jerry Falwell is right, down with LGBT Christians" crusade, are you?	LGBT+	Q-Elab
If you knew the risk, then why cry? Take accountability and move on. Why hate men for you choices?	Because I still lost a baby? Why are you crying about women getting abortions	Because still losing a baby? Why are you crying about women getting abortions	WOMEN	Q-Elab
Men get conscripted into war - a tale as old as time. Are you shocked?	Just because it's a tale as old as time doesn't make it righteous. Because women were excluded from power and equal legal rights for almost all of human history doesn't make that morally right.	Just because it's a tale as old as time doesn't make it righteous. Because women were excluded from power and equal legal rights for almost all of human history doesn't make that morally right.	WOMEN	Correction
Do you even know that a non-Muslim has to convert to Islam after marriage? I think first you should acquire some basic knowledge regarding things which you don't know.	I know and people who are getting married are not kids. They are adults and making their choice. Why are you against their choice ?	I know and people who are getting married are not kids. They are adults and making their choice. Why are you against their choice ?	MUSLIMS	Clarification_Q
It started with a group of slave owning terrorists known as the founding fathers seceding from the Empire on flimsy premise to ensure they maximized their own profits and kept their subjects dumb.	Wow! How could you be so confident, and yet so severely wrong? This is straight up anti-historical.	Wow! How could you be so confident, and yet so severely wrong? This is straight up anti-historical.	OTHER	Comment
Sensible, logical women in *your* opinion.	And BOOM you just became illogical and  in no way sensible.	And you just became illogical and  in no way sensible.	WOMEN	Comment
You don't think it's wrong that transgenders are succeeding in every female sport and stealing scholarships? How about they have their own league?	>You don't think it's wrong that transgenders are succeeding in every female sport and stealing scholarships?  You think this is a common occurrence? Also do you think estrogen builds muscle?	>You don't think it's wrong that transgenders are succeeding in every female sport and stealing scholarships?  You think this is a common occurrence? Also do you think estrogen builds muscle?	LGBT+	Clarification_Q
Here's what is actually being said, "a child without trauma is better than a child with trauma"	Absolutely deranged way to think about it.  "I would rather my child be untraumatized"  Is very different to  "It would be better for my child to die and be replaced with an untraumatized one"	That's a deranged way to think about it.  "I would rather my child be untraumatized"  Is very different to  "It would be better for my child to die and be replaced with an untraumatized one"	DISABLED	Contrast
No woman should be dating if she's over 30 or 40. She's waaaay past her prime.	You're part of the reason we're all called misogynists. Do better.	You're part of the reason all men are called misogynists. Do better.	WOMEN	Comment
Leave you feminist bigot. We do not want your hate here. Just leave.	Lol Iâ€™m not even a feminist and I donâ€™t hate men. Maybe you hate women?	That doesn't mean hating men. Maybe you hate women?	WOMEN	Q-Elab
NIgga its one of the 6 pillars of Iman	brother please speak appropriately. Jazakallah	please speak appropriately.	POC	Comment
no, it means a world made by men, for men, right?	I think thats a fair simplistic assessment	I think thats a fair simplistic assessment	OTHER	Comment
And take reasons why racist people say theyâ€™re afraid of black people and replace black people with men and you have feminists being afraid of men	Oof I though I would be hard to come up with a dumber take than the last guy. God damn. You did it.	I thought it would be hard to come up with a worse take than the last guy. wow. You did it.	WOMEN	Comment
People who want the government to control their bodies can move to Taliban controlled areas. We don't need an American Taliban here.	People who oppose murder are terrorists? That's a bit extreme, dude.	People who oppose murder are terrorists? That's a bit extreme.	MUSLIMS	Comment
Her mother is black...ain't no damn inheritance man lmao!	What does being black have to do with that?	What does being black have to do with that?	POC	Q-Elab
I wish I was born gay I really do I'm tired of this shit	You don't have be gay.   You can live a single, forever bachelor life.    (Hetero/homo)Sexuality isn't a choice, but getting into a relationship is certainly a choice.	You don't have be gay.   You can live a single, forever bachelor life.    (Hetero/homo)Sexuality isn't a choice, but getting into a relationship is certainly a choice.	WOMEN	Comment
Either you are cherrypicking or you have a very fragile female ego. Unless you back up your claim we will never know.	And thanks for the insult btw, real mature	The insult is not really mature	WOMEN	Comment
makes sense though. a handicapped woman can still give birth. a handicapped man is a worse or incapable provider.	Why do Women need a provider? Serious Question: Why.	Why do Women need a provider? Serious Question: Why.	DISABLED	Q-Elab
On an issue as dumb as can a man sexually assaulted a women then yes. I think you should stop digging yourself a bigger dumber hole.	So gay men sexually assault women, whom they are not sexually attracted to becauseâ€¦. If a straight guy said that, I somehow think youâ€™d declare him to be a homophobe.	So gay men sexually assault women, whom they are not sexually attracted to becauseâ€¦. If a straight guy said that, youâ€™d declare him to be a homophobe.	OTHER	Parallel
Itâ€™s not.   Iâ€™m saying when they canâ€™t cope, then that makes it a medical problem. Right?	Doesnâ€™t seem like a medical problem, but rather just a person needing some help	Doesnâ€™t seem like a medical problem, but rather just a person needing some help	DISABLED	Correction
Yeah, shame on you for letting a mentally unstable person make fun of you	Well, you haven't. You've not said anything close to the truth so far.	Well, you haven't. You've not said anything close to the truth so far.	DISABLED	QA_pair
Dude, half black and whites are "brown", people aren't racist to them  Its to South asians	No, that's not how that works.   Mixed people are just "mixed," they don't become a different color.	No, that's not how that works.   Mixed people are just "mixed," they don't become a different color.	POC	Correction
No.  Itâ€™s ok to tell kids that there are people who believe there are only 2 genders.  And there are people who believe there are lots of them.  Itâ€™s not ok to teach kids that one of those theories is correct while one is incorrect.	Actual science disagrees with you.	Actual science disagrees with you.	LGBT+	Comment
Actually, women are the only ones who menstruate. You know, biological women. Not pretend women or women who turned themselves into men and kept their parts. If you menstruate and have the proper plumbing, you're a woman no matter what you do to yourself.	no need to be transphobic.   what does â€œbiological womanâ€ mean?  Maybe you should read a human sexuality textbook since seems you donâ€™t even know the right terms so we can have a discussion to be on the same page.	no need to be transphobic.   what does â€œbiological womanâ€ mean?  Maybe you should read a human sexuality textbook since seems you donâ€™t even know the right terms so we can have a discussion to be on the same page.	LGBT+	Correction
Oh child. I'm sorry your education is failing you.  Be better.	lol you sound like a child	you sound immature	DISABLED	Comment
Veteran here.   It sucks, but a draft is necessary for a country to remain strong.  Also, please don't send women, they are terrible on deployments.	and this is why women arenâ€™t drafted. People genuinely think all women arenâ€™t capable of going to war but the average American male is. Itâ€™s misandrist and misogynistic in their own ways.	and this is why women arenâ€™t drafted. People genuinely think all women arenâ€™t capable of going to war but the average American male is. Itâ€™s misandrist and misogynistic in their own ways.	WOMEN	Comment
Youâ€™re ignoring what I wrote, â€œblackâ€ is not a physical trait, itâ€™s a socially constructed category.	What? Black skin is a physical trait. Black culture is a social aspect.	What? Black skin is a physical trait. Black culture is a social aspect.	POC	Correction
Men have their bodies regulated in more ways than women, and when we ask for help with that ... we get responses like you are giving in this thread.	ðŸ˜‚ðŸ˜‚ðŸ˜‚ðŸ˜‚ðŸ˜‚ you are either joking or on drugs right	you are either joking or under influence right	OTHER	Comment
I'm a transhumanist but I don't support faulty surgeries that cause infertility	How many trans people want to have children using their biological reproductive organs?	How many trans people want to have children using their biological reproductive organs?	LGBT+	Q-Elab
Lol , I was banned from some Anti Mgtow Reddit for calling a female a female .  Told me I was being misogynistic. Me of all people ðŸ˜‚ðŸ¤¦ðŸ˜‚	sweetie you're not gonna get cock by degrading other women and you dont need to be a man to be a misogynist	you're not gonna get attention from men by degrading other women and you dont need to be a man to be a misogynist	WOMEN	Comment
okay but every misandrist is a feminist literally	i wouldnt say so. they may refer to themselves as feminists, but they dont fit the definition	i wouldnt say so. they may refer to themselves as feminists, but they dont fit the definition	WOMEN	Correction
Never wouldâ€™ve thought a mood disorder would be set next to blindness. Are all mood disorders considered disabilities?	Yes mood disorders and psychotic disorders such as schizophrenia are considered disabilities if it affects the persons daily living conditions. Not all disabilities are physical and visible.	Yes mood disorders and psychotic disorders such as schizophrenia are considered disabilities if it affects the persons daily living conditions. Not all disabilities are physical and visible.	DISABLED	Correction
Meanwhile, illegal immigrants with no papers can boat themselves into the state and get healthcare and public education.	I am all for this if someone has the balls to try to get to Hawaii from God knows where on a makeshift vessel. We're talking weeks at sea with piss poor equipment.	I am all for this if someone has the courage to try to get to Hawaii from God knows where on a makeshift vessel. We're talking weeks at sea with piss poor equipment.	MIGRANTS	Elaboration
B*ddha ðŸ¤®ðŸ¤®ðŸ¤®ðŸ¤®ðŸ¤®ðŸ¤®	dont mock their Gods that they may mock Allah ðŸ‘Ž	dont mock their Gods that they may mock yoursðŸ‘Ž	OTHER	Result
You didnâ€™t put anyone down, you just proved youâ€™re an idiot. And feminism doesnâ€™t do anything to improve the lives of women except making them out to be victims	Feminism literally fights for safe access to womenâ€™s healthcare cause dicklets like yourself think all life is precious even though all you all do on here is bitch and moan about how life isnâ€™t worth living cause no one will fuck you.	Feminism literally fights for safe access to womenâ€™s healthcare cause dicklets like yourself think all life is precious even though all you all do on here is complain and moan about how life isnâ€™t worth living cause no one will be with you.	WOMEN	Comment
Abortion should always be legal, donâ€™t force your religious beliefs onto others.	Stop acting like religion is the only reason why people disagree with abortion	Stop acting like religion is the only reason why people disagree with abortion	MUSLIMS	Result
Oh so you aren't even Israeli. What are you gonna say next, that you're not Jewish? Also I was not pretending to be american you stupid	Ahaha, on from attacking me and accusing me of being Israeli, onto accusing me of being Jewish?  You really are antisemitic.	Ahaha, on from attacking and accusing someone of being Israeli, onto accusing of being Jewish?  You really are antisemitic.	JEWS	Comment
DNA testing should be something we do for children. It helps to eliminate paternal fraud and itâ€™s helps to detect potential genetic illnesses. Why would any women oppose this? Unless they cheated on their husbands or plan to cheat on them.	>Why would any women oppose this?  Some may consider it a government overreach.	>Why would any women oppose this?  Some may consider it a government overreach.	WOMEN	Explanation
Take hitlers jew conspiracy theory, replace jews with men,  and you have patriarchy theory	Take being smart and replace the smart part with being and idiot and you have your comment. Lol	Take being smart and replace the smart part with being and not smart and you have your comment. 	OTHER	Comment
And yet men are seen as the violent ones	Humans in general are more violent than I would like.	Humans in general are more violent than I would like.	OTHER	Parallel
wtf are you on? drugs are bad. circumcision is a jewish practice not christian...	Ease up. I'm a different person, with different life experiences and different thoughts. What you're suggesting is not something I've heard before. I'm happy to learn though. Why do you believe Christians are against circumcision?	Ease up. everyone is a different person, with different life experiences and different thoughts. What you're suggesting is not something everyone has heard before. I'm happy to learn though. Why do you believe Christians are against circumcision?	JEWS	Acknowledgment
Life begins at conception	It fine if you believe that even though the bible doesn't say it.   As long as you don't use the government to force your personal opinion on women.	It fine if you believe that even though the bible doesn't say it.   As long as you don't use the government to force your personal opinion on women.	OTHER	Comment
In America, it's best to assume all female are narcissists until proven otherwise. Feminaziism, like Liberalism, is a toxic disease that has been allowed to spread for generations.	Thatâ€™s really fucking stupid	Thatâ€™s really not smart	WOMEN	Comment
Most men are stronger than most women.   And go ahead and try to stick your finger up a random guyâ€™s ass. See how well that goes for you. Youâ€™d probably end up getting gang raped.	You're really gross. Acting like male rape victims don't exist	You're really gross. Acting like male rape victims don't exist	OTHER	Comment
And how is ridiculing a woman for her weight not blatant misogyny	Because it has absolutely nothing to do with the fact that this person happens to have been born with 2 X-chromosomes.	Because it has absolutely nothing to do with the fact that this is about their decision making.	OTHER	Explanation
Couldnâ€™t you easily say the same for obese people? Smokers? Reckless drivers? Diabetics? Would you consider all of these people, whose medical conditions are usually self-imposed, burdens on the healthcare system?	No you couldnâ€™t, unless there were vaccines for those things.	No you couldnâ€™t, unless there were vaccines for those things.	DISABLED	Explanation
Oh just shut the fuck up. Iâ€™m gay and 80% of my friends are gay.	Just because you're gay doesn't give u to right to be bigoted against gay people	Just because you're gay doesn't give u to right to be bigoted against gay people	LGBT+	Comment
So why not be a doctor? Why not own a business? Neuro science is also in demand. Too many years of schooling for your liking? Urologists make more money by being unisex and having less required years.	OBGYN are doctors.  Many doctors are also business owners (private practice), those other specialties are valid choices, but them being valid does not make OBGYN invalid.	OBGYN are doctors.  Many doctors are also business owners (private practice), those other specialties are valid choices, but them being valid does not make OBGYN invalid.	WOMEN	Comment
Friends that live in Denmark tell me migrants donâ€™t want to work or learn the language.They just waiting for the next handout.	Imagine quadrupling your standard of living, and having nothing expected from you in return? Can't even blame the migrants, I bet we'd all take that. America had a whole basket of lessons that Europe decided to ignore, presumably out of ego.	Imagine quadrupling your standard of living, and having nothing expected from you in return? Can't even blame the migrants, I bet we'd all take that. America had a whole basket of lessons that Europe decided to ignore, presumably out of ego.	MIGRANTS	Explanation
Don't forget about feminists! They're to blame too	Misandrists maybe, feminists definitely not. There is a difference.  Just as there is a difference between mens rights and misogyny.	Misandrists maybe, feminists definitely not. There is a difference.  Just as there is a difference between mens rights and misogyny.	WOMEN	Correction
It's literally a copy/ paste from feminist retorts	Doesnâ€™t make it any less sad. Do better ðŸ’€	Doesnâ€™t make it any less sad. Do better ðŸ’€	WOMEN	Comment
Why should your sexual identity be apart of your job? I donâ€™t walk around when speaking to clients and say, hey Iâ€™m a heterosexual like that is some semblance of a personality?	So you'd be OK being barred from mentioning a spouse?	So you'd be OK being barred from mentioning a spouse?	LGBT+	Q-Elab
And pretty much everything haram	Pretty much everything is haram. Elaborate	Pretty much everything is haram. Elaborate	MUSLIMS	Q-Elab
Iâ€™m pretty sure Judaism is a religion, not a race.	It's considered both a Religion and an ethnic group. For example, your can be convert to Judaism and new from any group. Or you can be ethnically Jewish, but not practice the Religion.	It's considered both a Religion and an ethnic group. For example, your can be convert to Judaism and new from any group. Or you can be ethnically Jewish, but not practice the Religion.	JEWS	Elaboration
She's ironically the racist one assuming the big nose was meant to be related to jews.	Iâ€™m pretty sure Judaism is a religion, not a race.	Iâ€™m pretty sure Judaism is a religion, not a race.	JEWS	Correction
No wonder men are such pussies around other men! ðŸ’¡	Yo wtf kind of gendered insult is this? Why would you use this language? Itâ€™s anti-woman.	Yo what kind of gendered insult is this? Why would you use this language? Itâ€™s anti-woman.	OTHER	Comment
Women got the right to vote without having to register for the draft; feminism is and has always been about women wanting and receiving special treatment - not equality.     Currently, women have more legal rights and social privileges than men do.	Men made the laws you twat, it was men in power sending men to war and keeping women at home, without women every war wouldâ€™ve been lost due to no people at home working in factories or farms	Men made the laws, it was men in power sending men to war and keeping women at home, without women every war wouldâ€™ve been lost due to no people at home working in factories or farms	WOMEN	Correction
BTW this isn't against just women. He's calling out that they're all jews as well as women (very based)	I am unclear what their religion has to do with this.	I am unclear what their religion has to do with this.	JEWS	Comment
I would have chosen my dad and his new wife over my n-mom and her rotation of (some actually diagnosed) psychotic women partners. Not all lesbians are the same, and some really hate children but choose single moms anyway.	One example doesnâ€™t disprove the rule, it has been studied scientifically.  Furthermore I said lesbian couples.  Your mother with a list of partners wouldnâ€™t be considered that.	One example doesnâ€™t disprove the rule, it has been studied scientifically.  Furthermore it's about lesbian couples.  Your mother with a list of partners wouldnâ€™t be considered that.	LGBT+	Correction
Feminism is about giving "females" more power. It's in the name.	No. Youâ€™re very wrong	No. Youâ€™re very wrong	WOMEN	Comment
So an African American isnâ€™t African?	Why would they be?	Why would they be?	POC	Q-Elab
Thatâ€™s the point. Splitting expenses evenly with someone who makes more than you is fiscally stupid.	You say "someone" who makes more than you but fail to concede that this isn't always the case. So which is it? You're basing your decision on what all men make as a group, not that one person.	You say "someone" who makes more than you but fail to concede that this isn't always the case. So which is it? You're basing your decision on what all men make as a group, not that one person.	WOMEN	Correction
The post is severe depression and not just depression. I'd imagine if you have severe depression you cannot think rationale.	Itâ€™s just not an argument.	Itâ€™s just not an argument.	DISABLED	Comment
\&gt;Women are solipsistic creatures incapable of self introspection   There is no evidence for this ridiculous universal statement. Next time, try not spoiling a so-so point by following it up with such an obvious pile of shit.	Nothing you said had any validity. It was just a bunch of ad hominen.	Nothing you said had any validity. It was just a bunch of ad hominen.	WOMEN	Comment
toxic masculinity doesn't exist, and people that use that term are fuckwits. Don't waste your time conversing with them.	It does exist itâ€™s just misused. Toxic masculinity is when people believe itâ€™s not masculine to be open and honest with your feelings and things like that, which happens all the time.	It does exist itâ€™s just misused. Toxic masculinity is when people believe itâ€™s not masculine to be open and honest with your feelings and things like that, which happens all the time.	WOMEN	Correction
This sub is why we need feminism lmao	That's like saying blacks being afraid of White nationalists is why we need white nationalism.	That's like saying blacks being afraid of White nationalists is why we need white nationalism.	OTHER	Parallel
Every woman i know	That's an interesting observation. Maybe its just you that's trash.	That's an interesting observation. Maybe its just you that's the problem.	WOMEN	Comment
Should I also call white supremacists strong independent men?	How does being a racist white person compare to someone not having sex with women?	How does being a racist white person compare to someone not having sex with women?	OTHER	Q-Elab
Does the lady  have a education ? Never heard of this woman .. only social platform I use is Reddit and that is for crypto . But this popped up . Looks like someoneâ€™s grandma that had a hard life .	Do you always ask whether a candidate has an education?	Do you always ask whether a candidate has an education?	WOMEN	Q-Elab
Yes. Christianity should be the only legal religion. All other religions should be banned.	Arguably the WORST part of Christianity is the concept that Christian beliefs are the only correct ones and everyone else is wrong.	Arguably the worst part of Christianity is the concept that Christian beliefs are the only correct ones and everyone else is wrong.	OTHER	Comment
Resorting to the *"only women can be victims"* feminist card so soon I see.	Anyways youâ€™re obviously a fucking troll because nobody can be that fucking stupid so youâ€™re getting blocked because Iâ€™m done with your bullshit	Anyways youâ€™re obviously not serious because nobody can be that wrong	WOMEN	Result
I mean he isn't exactly wrong, the whole fatphobia/haes equate their struggles with dealing with homophobia and racism. They talk about health at every size while being unable to standup unaided.	They donâ€™t though. Fatphobia isnâ€™t talking about obese people. Itâ€™s about not treating fat people like shit just for being fat. It is just about on the same level as homophobia, society treats fat people like garbage.	They donâ€™t though. Fatphobia isnâ€™t talking about obese people. Itâ€™s about not treating fat people horribly just for being fat. It is just about on the same level as homophobia, society treats fat people like garbage.	DISABLED	Contrast
Right, which gives husbands more rights. Women in unhappy marriages canâ€™t leave when they donâ€™t have any property.	Your use of present tense for a historical situation is confusing to me.	Your use of present tense for a historical situation is confusing to me.	OTHER	Comment
Cite your sources.  Men are the most common victims of public sphere violence.	isn't it because men themselves are the ones committing violence?	isn't it because men themselves are the ones committing violence?	WOMEN	Q-Elab
I canâ€™t possibly be human filth if I donâ€™t support grooming kids with lgbt filth, I might be gay but I wonâ€™t support corrupting kids with the burdens of a death cult	This is not happening you made a scenario in your mind a you believe its true. But you know what fuck it, you are pedophile now, and all cishet people are now pedos. By your own logic this would make sense. No?	This is not happening you made a scenario in your mind a you believe its true. But you know what fuck it, you are pedophile now, and all cishet people are now pedos. By your own logic this would make sense. No?	LGBT+	Comment
Should I be fwendz with more Black's this time ?	You shouldnâ€™t be a racist piece of shit period. Be friends with people who are friendly with you which in your case is probably a very exclusive club.	You shouldnâ€™t be racist period. Be friends with people who are friendly with you which in your case is probably a very exclusive club.	POC	Comment
My point couldn't be more clear. You're wrong. Muslim extremists were around long before the US existed.	So were christian extremists (The Crusades, The Inquisition)	So were christian extremists (The Crusades, The Inquisition)	MUSLIMS	Parallel
My issue with her statement was that she added the   &gt;"Gee, I wonder why".  Which basically implies her brother is a homophobe. That's what caused the drama.  She should have waited 1 day, to call her brother out.	If you don't want your wedding day marred by the consequences of being a homophobe don't be a homophobe.	If you don't want your wedding day marred by the consequences of being a homophobe don't be a homophobe.	LGBT+	Comment
Judging by the posts and comments in this sub...if you were capable of an actual conversation you all wouldn't have such a retarded thought process and think these things to begin with.	So instead of conversation, you just resort to ad hominem attacks?  Iâ€™m open to talking to you, but you claim Iâ€™m closed minded.  That speaks more about you than it does about me.	So instead of conversation, you just resort to ad hominem attacks?  Iâ€™m open to talking to you, but you claim Iâ€™m closed minded.  That speaks more about you than anyone else.	DISABLED	Comment
God sent a Godless man to do Gods work by being Godless.	God had nothing to do with this....	God had nothing to do with this....	OTHER	Correction
Just like feminists do	wow, except, the vast majority of feminists do not do that, only the vocal minority weâ€™re talking about... do you not see the cycle here that youâ€™re participating in	wow, except, the vast majority of feminists do not do that, only the vocal minority weâ€™re talking about... do you not see the cycle here that youâ€™re participating in	WOMEN	Correction
BLM. Listening to the sensationalism you would think over 1000 black people were being shot and killed by cops every year. Turns out the real number is closer to 20.  This plus all the grifting really damages the validity of their claims	How many white people are being shot and killed by cops because of the color of their skin?	How many white people are being shot and killed by cops because of the color of their skin?	POC	Q-Elab
Funny how it's always men that get to be considered as undeserving of their kids.	Sure buddy, whatever you say...  Can I get back to the conversation with the grownups now?	Sure buddy, whatever you say...  Can I get back to the conversation with the grownups now?	OTHER	Q-Elab
... and yet #AllMenAreRapists and #KillAllMen  And ofc most feminists didn't have an objection to that, they even encourage it.  Buuuut i guess it's only an issue when men do it. Oh well.	Itâ€™s clearly not genuine. Get a grip.	Itâ€™s clearly not genuine. Get a grip.	WOMEN	Comment
Men did create the problemsâ€¦those problems effect both men and women, so fixing this will only help everyone	â€œMen did create problemsâ€ because women are angels?	â€œMen did create problemsâ€ because women are angels?	OTHER	Q-Elab
Most women want and expect a man to be a provider. Not all, but most.	We donâ€™t, youâ€™re mixing up most women with gold diggers, incel alert	We donâ€™t, youâ€™re mixing up most women with gold diggers	WOMEN	Correction
No 81 year old should be in a position of power. They belong on a golf course.	The world record is 122, so thatâ€™s a lot of years of golf. Unless of course, you have further recommendations at subsequent milestones (like 90, 105, etc.)	The world record is 122, so thatâ€™s a lot of years of golf. Unless of course, you have further recommendations at subsequent milestones (like 90, 105, etc.)	DISABLED	Comment
If anyone desires a religion other than Islam (submission to Allah., never will it be accepted of him; and in the Hereafter He will be in the ranks of those who have lost	There are many different translations for it	There are many different translations for it	MUSLIMS	Correction
If he frames it as Honor Killing, he would get a free pass, right?   I think Sharia supports honour killing and there's no punishment for that, if I'm right.	Nope, no where is it stated. It's a cultural thing. Honour killings happens a lot in India as well. Either way, this fucker will hang.	Nope, no where is it stated. It's a cultural thing. Honour killings happens a lot in India as well. Either way, this person will hang.	MUSLIMS	Correction
Latinos are considered racially Caucasian, due to the diversity of backgrounds. The individual tribes of racial native Americans/native Mexicans/ Aleutians etc, donâ€™t make up much population.    Black Americans are the largest racial minority group.	So all black people are one race, but Latinos arenâ€™t. Got it	So all black people are one race, but Latinos arenâ€™t. Got it	POC	Contrast
Lol thatâ€™s not what Iâ€™m saying... like at all. And youâ€™re Black too.	What are you saying	What are you saying	POC	Q-Elab
Geriatrics are just as unfit for office as teens.  Age out at 80, go do something else.	Or pass cognitive tests. Bernie is still all there. I work with people in their 50s who canâ€™t think clearly.	Or pass cognitive tests. Bernie is still all there. I work with people in their 50s who canâ€™t think clearly.	WOMEN	Alternation
Arguing with a woman is always a waste of your time.  Always.  Go get a job and make some money.  Money is power.  Arguing is not power.	Women are worth my lords just the same as men. I make my judgement based on content of character and not what is between someoneâ€™s legs	Women are worth my lords just the same as men. one should make judgement based on content of character and not gender	WOMEN	Contrast
Parents are literally killing their children hoping to get better material prosperity as a result. The comparison is apt in many cases.	I mean, a lot of the times people get abortions to avoid dying.	I mean, a lot of the times people get abortions to avoid dying.	OTHER	Explanation
I'm autistic; what's *your* excuse?	What does being autistic have anything to do with this?	What does being autistic have anything to do with this?	DISABLED	Q-Elab
Slavery can be bad but a lot of slave owners were treating their slaves well	Treating their slaves well??? LMAO let me go laugh for 10 min. Whew the ignorance	Treating their slaves well??? LMAO let me go laugh for 10 min. Whew the ignorance	POC	Comment
Why is there a picture of some girl with a hijab? I thought this community was for U.S. politics?	Go home youâ€™re drunk	Go home youâ€™re drunk	MUSLIMS	Comment
Now THESE are some good females who know their right places!	So youâ€™re just a misogynist?	So youâ€™re just a misogynist?	WOMEN	Q-Elab
Yeah, Mexico is a degenerate and dangerous nation. No US asylum seeker or immigrant should be forced to remain there. The US is a nation of immigrants, to treat these immigrants as less than human goes against everything that makes the US great	Violent sure, but degenerate?! Aaaand of course you are a fucking Trumpet or troll.	Violent sure, but degenerate?! Aaaand of course you are not serious.	MIGRANTS	Comment
Say that to a man who has been forced to pay child support for 18 years	So Im a bit confused.   Do you think its bad that men can be babytrapped against their will?   If you think so SURELY you dont think its good if women are babytrapped against their will either right?	So Im a bit confused.   Do you think its bad that men can be babytrapped against their will?   If you think so SURELY you dont think its good if women are babytrapped against their will either right?	WOMEN	Parallel
If diabetics don't want to pay out the nose for insulin, maybe they shouldn't be diabetic.   /s	I mean that's all fine and good for people that I have type 2 diabetes but the type one people are just kind of stuck with it at Birth	I mean that's all fine and good for people that I have type 2 diabetes but the type one people are just kind of stuck with it at Birth	DISABLED	Contrast
Religion has nothing to do with it same sex marriage IS wrong.	How did a gay couple getting married hurt you?	How did a gay couple getting married hurt you?	LGBT+	Q-Elab
FDS is filled with highly depressed women and lesbians trying to convince vulnerable straight women to become lesbian.  Predatory at best.	Not as predatory as incels hitting on women at least.	Not as predatory as certain men hitting on women at least.	WOMEN	Correction
Now let's see the same chart only about the Percentage of population with civil obligations like the draft.	Women still had to pay taxes out of any paychecks they made just like men- talk about taxation without representation.	Women still had to pay taxes out of any paychecks they made just like men- talk about taxation without representation.	WOMEN	Correction
Men dont fuck women is sexist now.	So gay men were always sexist?	So gay men were always sexist?	WOMEN	Q-Elab
Rainbow flag Muslims? ISIS is going to have a lot of fun with these people.	The overwhelming majority of the victims of Islamist Terrorism are other Muslims.	The overwhelming majority of the victims of Islamist Terrorism are other Muslims.	MUSLIMS	Correction
Prior to feminists existing, how did things get to be unequal to begin with?	Mainly by the Industrial Revolution and before that by the fact that men had more muscle mass and were therefore better suited for wars. In addition, the reproduction played a role in the fact that women were not sent to war.	Mainly by the Industrial Revolution and before that by the fact that men had more muscle mass and were therefore better suited for wars. In addition, the reproduction played a role in the fact that women were not sent to war.	WOMEN	Explanation
Women make jokes about menâ€™s bodies all the time so why canâ€™t men do the same?	As a feminist i dont think women should	i dont think women should	WOMEN	Comment
True In the begginning i though they would be more intelligent but as i can see they are one of the most retard-minded people imo	Does that mindset only apply to feminists or to all subreddits that ban people for not speaking hive?	Does that mindset only apply to feminists or to all subreddits that ban people for not speaking hive?	DISABLED	Q-Elab
They are not the same for the same reason as autism and Downes syndrome are not the same. Both things are bad and it shouldn't be "who's more of a victim" competition.	They're literally both genital mutilation. How does the victim''s gender matter ?        Or if you mean rape , they're literally both rape. How does the victim's gender matter ?	They're literally both genital mutilation. How does the victim''s gender matter ?        Or if you mean rape , they're literally both rape. How does the victim's gender matter ?	DISABLED	Clarification_Q
That is, if ppl follow their desires they will even want to legally have sex with anything and everything, including children and animals, at some point. As they did too in the past, during jahiliyya.	Okay and what do you mean by that? Yeah some people are weird but being gay is different from wanting to fuck a fucking goat or marry a child	Okay and what do you mean by that? Yeah some people are weird but being gay is different from bestility or marry a child	OTHER	Clarification_Q
I have heard men and some women  call her ugly.	How many people have you heard call her ugly?  She is professionally beautiful and the vast majority of people consider her attractive.  Are you hanging out with unusual people?  Are you unaware of the opinions of normal people?	How many people have you heard call her ugly?  She is professionally beautiful and the vast majority of people consider her attractive.  Are you hanging out with unusual people?  Are you unaware of the opinions of normal people?	WOMEN	Q-Elab
Priests and pedophilia go together like bread and butter. I agree with you there.	If you mean that sometimes bread can have butter on it.  But plenty of bread doesn't have butter on it.  And that  butter can go on tons of things that aren't bread, I agree 100%  So, an atheist scientist who acts like this pastor?  Fuck 'em?	If you mean that sometimes bread can have butter on it.  But plenty of bread doesn't have butter on it.  And that  butter can go on tons of things that aren't bread, I agree 100%  So, an atheist scientist who acts like this pastor?  screw 'em?	OTHER	Explanation
Sure, and a man has the power to completely destroy a woman's life through rape, and she can almost never prove it. People suck.	A woman also has the power to completely destroy a manâ€™s life through rape, and he can prove that even less. People do suck, and this post is about a problem that can be fixed, that effects men. Do you realize what sub this is?	A woman also has the power to completely destroy a manâ€™s life through rape, and he can prove that even less. People do suck, and this post is about a problem that can be fixed, that effects men. Do you realize what sub this is?	OTHER	Parallel
My kid ainâ€™t smart enough to be an engineer.  Heâ€™s got ADHD and dyslexia. Heâ€™s setting himself up to fail.	I got ADHD and Bipolar and possible dyslexia lol. If I wanted too I could become whatever I want if I truly cared enough especially if I had a hyper fixation on it. Trust me, he wonâ€™t be visiting your retirement homeðŸ’€	Even if I got ADHD and Bipolar and possible dyslexia and if I wanted too I could become whatever I want if I truly cared enough especially if I had a hyper fixation on it. Trust me, he wonâ€™t be visiting your retirement homeðŸ’€	DISABLED	Contrast
If you arenâ€™t a feminist, your sexist. Grow up	How lol. With that logic, if you arenâ€™t menâ€™s rights activist, you are sexist	How. With that logic, if you arenâ€™t menâ€™s rights activist, you are sexist	OTHER	Parallel
I mean the last messenger sent by god is prophet Mohammad and anyone receiving his message rightly and purely and denies it, is defying god, and in that case what will his worship be of any use ?	So you're basically saying other religions' beliefs are false ? Only Islam is correct ?	So you're basically saying other religions' beliefs are false ? Only Islam is correct ?	OTHER	Q-Elab
Depression is just like any other human emotion. You have the ability to control your emotions.	You have clearly never experienced it or known someone who has or done literally any research on the topic	You have clearly never experienced it or known someone who has or done literally any research on the topic	DISABLED	Correction
A birth rates in Europe are low  B it's easier to stop people immigrating than it is to stop them fucking	it may be easier but that doesnâ€™t make it right	it may be easier but that doesnâ€™t make it right	MIGRANTS	Comment
Is it really a stereotype if itâ€™s true for almost everyone? If so, the statement â€œmen have penisesâ€ would be a stereotype too.	Men having penises is a biological fact  All men harassing women is a stereotype	Men having penises is a biological fact  All men harassing women is a stereotype	OTHER	Correction
Although not my concern, they could build their way up by educating themselves and applying for jobs.  More convenient for me and other citizens. Not concerned with whatâ€™s convenient for societyâ€™s non-contributors	Homeless people are often citizens too.	Homeless people are often citizens too.	MIGRANTS	Correction
He is a real piece of shit. While I do not support the modern feminist agenda, this guy is hardly an improvement. People like him don't want true gender equality. He just wants to force back the old gender roles and probably make life worse for everybody.	Whats wrong with traditional gender roles?	Whats wrong with traditional gender roles?	WOMEN	Q-Elab
Ok so prostitution, porn actors and strippers should be illegal then, right? I have absolutely no problem with this. I thought feminists were the ones saying sex work is real work.	Pretty much all jobs should be illegal according to this logic, cause most people who work for money don't do it cause they want to, but cause they have to, to earn a living. The exception being unpaid volunteers.	Pretty much all jobs should be illegal according to this logic, cause most people who work for money don't do it cause they want to, but cause they have to, to earn a living. The exception being unpaid volunteers.	WOMEN	Result
There are currently no barriers to entry for any career, but things like women's-only scholarships for programs like engineering exist, and women are massively supported and encouraged to join those fields.	Uh there absolutely are barriers to entry for careers, you just mentioned one? (College education)  This also has nothing to do with my point: that **thereâ€™s nothing wrong with anyone, woman or man, choosing not to take a dangerous job.**	Uh there absolutely are barriers to entry for careers, you just mentioned one? (College education)  This also has nothing to do with my point: that **thereâ€™s nothing wrong with anyone, woman or man, choosing not to take a dangerous job.**	WOMEN	Correction
Do you believe there are no qualified black women?  That's what you are suggesting if you are upset about it.	Do you believe there were no qualified white men for the past 200 years? Thatâ€™s what you are suggesting if you are upset about it.	Do you believe there were no qualified white men for the past 200 years? Thatâ€™s what you are suggesting if you are upset about it.	POC	Parallel
They are not transphobic. They are gynocentric.  They always were.     The gender-neutral draft bill and this support for TERFs just demonstrated this to the world.	It has nothing to do with being gynocentric and everything to do with forcing men and women into traditional gender roles.	It has nothing to do with being gynocentric and everything to do with forcing men and women into traditional gender roles.	LGBT+	Correction
The problem is too many men being emotional bitches. My opinion. I remember men being men in the 90â€™s early mid 2000â€™s. Now shits weird.   Emotions and being emotional, totally different	Being emotional means you're in-touch with your emotions, and men are barely allowed to even show emotions	Being emotional means you're in-touch with your emotions, and men are barely allowed to even show emotions	OTHER	Comment
Women donâ€™t usually â€˜investâ€™ in a man, not financially at least.	What do you mean?	What do you mean?	WOMEN	Clarification_Q
Your attempt to draw an equivalency between a historically repressed and brutalised minority and white Christians is piss-poor.	So white working class, working poor, and poor people have nothing to be enraged about.	So white working class, working poor, and poor people have nothing to be enraged about.	OTHER	Parallel
5$ for manyâ€¦up to 100$ or so for some. Nonetheless, its the ones who donâ€™t objectify themselves that are truly human and itâ€™s the women who donâ€™t put a price to themselves that are priceless.	Just because someone likes being sexual doesnâ€™t mean theyâ€™re an object. If you think a woman is putting a price on herself because of the price she puts on sex, it goes to show you donâ€™t actually know the inherent value of people.	Just because someone likes being sexual doesnâ€™t mean theyâ€™re an object. If you think a woman is putting a price on herself because of the price she puts on sex, it goes to show you donâ€™t actually know the inherent value of people.	WOMEN	Comment
But at the same time minority races experience forms of systemic racism that trans people donâ€™t.	yeah, trans people experience systemic transphobia instead	yeah, trans people experience systemic transphobia instead	LGBT+	Parallel
Jewish thinking and behaviour, arabs should not fall into the same trap	Jewish thinking? So antisemitism is acceptable now?	Jewish thinking? So antisemitism is acceptable now?	JEWS	Q-Elab
So traumatised she jumped up and down on the bed of the new upgraded room she was given	You don't believe her then?	You don't believe her then?	DISABLED	Clarification_Q
â€œStereotypesâ€ are based off truth. I didnâ€™t say black people, just black girls. Facts canâ€™t be racist	Keep telling yourself youâ€™re not racist. Not all black girls are loud.   Stereotypes are not based on facts. They are based on â€œwidely held but fixed and oversimplified image or idea of a particular type of person or thing.â€   But good try.	Keep telling yourself youâ€™re not racist. Not all black girls are loud.   Stereotypes are not based on facts. They are based on â€œwidely held but fixed and oversimplified image or idea of a particular type of person or thing.â€   But good try.	POC	Correction
My kid ainâ€™t smart enough to be an engineer.  Heâ€™s got ADHD and dyslexia. Heâ€™s setting himself up to fail.	Neither of those things have anything to do with intelligence. The real draw-back he has is being related to a moron like you.	Neither of those things have anything to do with intelligence. The real draw-back he has is being related to a moron like you.	DISABLED	Correction
Toxic masculinity is a product of misogyny. You did it to yourselves by valuing ablist culture over everything. This has nothing to do with women but rather how men and capitalism have shaped society.	Absolute nonsense.	Absolute nonsense.	OTHER	Comment
Pretty obvious what I'm on about. If you had a single brain cell, you'd understand.	Silly goose. Just stop talking	That's silly. Just stop talking	DISABLED	Comment
Still a munafiq country	Brother, why would you label an entire nation as a munfiq? Have you talked to every Iranian? Stop creating division in Islam. Sure, some Shia groups are munafiq, but certainly not the majority.	why would you label an entire nation as a munfiq? Have you talked to every Iranian? Stop creating division in Islam. Sure, some Shia groups are munafiq, but certainly not the majority.	OTHER	Correction
Woman and Female are interchangeable terms.	Just because you say it doesn't make it true.	Just because you say it doesn't make it true.	WOMEN	Correction
crazy how women make up shit like this but if you take one step outside you will see every girl with some variant of a cookie cutter chad	Where are you looking?	Where are you looking?	WOMEN	Q-Elab
Why do dudes whoâ€™ve never fucked a woman or will even get the chance to have sex have such strong opinions on abortion? Lmao	I donâ€™t know why do you have such strong opinions on abortions	I donâ€™t know why do you have such strong opinions on abortions	OTHER	Comment
i wouldnt listen to yasir qadhi if he was the last muslim speaker on earth	Well good for you. Now shoo.	Well good for you. Now please go away.	MUSLIMS	Comment
If their period is so bad they can't work, they should consider it, yes.   ***No one*** is entitled to being parent, so you can save your energy on that line of thought.	All men should get vacectomys until their ready for kids since they arnt entitled to have kids right? So if women have to get hysterectomyâ€™s instead of healthcare men should just get vacectomys	All men should get vacectomys until their ready for kids since they arnt entitled to have kids right? So if women have to get hysterectomyâ€™s instead of healthcare men should just get vacectomys	WOMEN	Contrast
The feminists with power in the US are making new gendered policies and laws. The feminists with power in the US are blocking reforms to make policies and laws gender neutral.	Such as? Gender neutrality is very much the zeitgeist	Such as? Gender neutrality is very much the zeitgeist	WOMEN	Q-Elab
NIgga its one of the 6 pillars of Iman	brother please donâ€™t use slurs	please donâ€™t use slurs	POC	Comment
Your country is a dumpster fire.	So why are so many foreigners trying to move here?	So why are so many foreigners trying to move here?	OTHER	Q-Elab
Can you stop pretending like women raping men is a widespread issue because it literally isnâ€™t. Not to mention that itâ€™s still men who are perpetuating rape myths against male victims (see: prison rape jokes)	Youâ€™re talking out of your ass again	Youâ€™re talking without any logic again	OTHER	Comment
Saying you aren't against women's rights but you're against feminism doesn't make any sense.	I believe women should have equal rights to men. I ALSO believe men should have equal rights to women. That second part is inherently anti-feminist.	women should have equal rights to men. men should have equal rights to women. That second part is inherently anti-feminist.	OTHER	Correction
But do you see the problem with the "she was forced to" defense when the thing forcing her hand was usually the consequences of her own schemes?	Obviously but they are also consequences of people like the High Sparrow making his own decisions. You cannot put all the blame on her.	Obviously but they are also consequences of people like the High Sparrow making his own decisions. You cannot put all the blame on her.	WOMEN	Elaboration
It is not productive for a lot of people to think that having a clinical depression is extremely common, which seems to be the case in this thread. It dilutes the diagnosis, and creates problems for the people who actually do have a clinical depression.	What does that have to do with what clinical depression is and that itâ€™s difficult to escape a depressive episode?	What does that have to do with what clinical depression is and that itâ€™s difficult to escape a depressive episode?	DISABLED	Clarification_Q
Women should not have a license to be sexist.  If itâ€™s wrong to be traumatized by a member of another race and then treat them all terribly cause of one event. Then it is wrong to do this to men as well.	It's not wrong to be traumatized by another race and then avoid them.   And where is this license that women have to be sexist?	It's not wrong to be traumatized by another race and then avoid them.   And where is this license that women have to be sexist?	WOMEN	Clarification_Q
Sweet. I guess weâ€™re all for letting immigrants come in ðŸ˜€	I love it when people think improving immigration policy is a liberal commie thing.	I love it when people think improving immigration policy is a liberal commie thing.	MIGRANTS	Comment
You have no idea how many things are viewed as ok when done by women but not by men.Way more.	No there's not lol   But I really don't want to enter this discussion, I know you won't change your mind and I won't change mine either. Goodnight.	No there's not lol   But I really don't want to enter this discussion, I know you won't change your mind and I won't change mine either. Goodnight.	WOMEN	Continuation
shut up, i dont wanna hear a woman say that men deserve to die while women get saved just to raise their kids  let women fight for 2 centuries, we men are fine with house work  wanna trade ? no right ? then stfu now	Men can desert too. No one has to fight. I never said â€œmen deserve to dieâ€ youâ€™re projecting.	Men can desert too. No one has to fight. I never said â€œmen deserve to dieâ€ youâ€™re projecting.	WOMEN	Correction
Well it isn't the same. Clearly. It's far more damaging and humiliating for a man to be raped.	Men and women are very different, but we're all human, and one thing common to the human experience is how being raped can really screw you up in the head, big time.  Men or women, rape is bad, end of story	Men and women are very different, but we're all human, and one thing common to the human experience is how being raped can really screw you up in the head, big time.  Men or women, rape is bad, end of story	WOMEN	Explanation
Anyone who thinks prostitution should be legalized is a degenerate. I find it even grosser when people who claim to be Christians are pro sex work.	So, you have a problem with marriages where the woman just stays home?	So, you have a problem with marriages where the woman just stays home?	OTHER	Q-Elab
In their logic, if you ever claim the men are victim, then its victim blaming, victim could only be women.	Maybe extremists, yeah, but normal feminists would disagree	Maybe extremists, yeah, but normal feminists would disagree	WOMEN	Correction
Fear whomever you wish.  However most of the criminals in society are men.	Is anyone arguing that they aren't? No. Does this mean that all men are complicit? Also no.  We should also fear those trying to normalize hate speech, which includes those advocating fearing nearly half the population based solely on gender.	Is anyone arguing that they aren't? No. Does this mean that all men are complicit? Also no.  We should also fear those trying to normalize hate speech, which includes those advocating fearing nearly half the population based solely on gender.	OTHER	Explanation